{"variables":[],"variable_imports":{"nord-scss-variables":"combodo-backoffice-darkmoon-theme\/vendors\/nord\/src\/sass\/nord.scss","darkmoon-scss-variables":"combodo-backoffice-darkmoon-theme\/scss\/scss-variables.scss"},"utility_imports":[],"stylesheets":{"fullmoon":"..\/css\/backoffice\/main.scss","editor":"combodo-backoffice-darkmoon-theme\/scss\/editor.scss","ace_editor":"combodo-backoffice-darkmoon-theme\/scss\/ace_editor.scss","datamodel-compiled-scss-rules":"branding\/themes\/datamodel-compiled-scss-rules.scss"}}