<?xml version="1.0" encoding="UTF-8"?>
<itop_design xmlns:xsi="http://www.w3.org/2001/XMLSchema-instance" version="3.2">
  <constants/>
  <classes>
    <class id="Hypervisor" _delta="must_exist">
      <presentation>
        <details>
          <items>
            <item id="providercontracts_list" _delta="define">
              <rank>130</rank>
            </item>
            <item id="services_list" _delta="define">
              <rank>140</rank>
            </item>
          </items>
        </details>
      </presentation>
    </class>
    <class id="Farm" _delta="must_exist">
      <presentation>
        <details>
          <items>
            <item id="providercontracts_list" _delta="define">
              <rank>120</rank>
            </item>
            <item id="services_list" _delta="define">
              <rank>130</rank>
            </item>
          </items>
        </details>
      </presentation>
    </class>
    <class id="VirtualMachine" _delta="must_exist">
      <presentation>
        <details>
          <items>
            <item id="providercontracts_list" _delta="define">
              <rank>70</rank>
            </item>
            <item id="services_list" _delta="define">
              <rank>80</rank>
            </item>
          </items>
        </details>
      </presentation>
    </class>
  </classes>
  <menus>
  </menus>
  <user_rights>
    <groups>
    </groups>
    <profiles>
    </profiles>
  </user_rights>
</itop_design>
