<?xml version="1.0" encoding="UTF-8"?>
<itop_design xmlns:xsi="http://www.w3.org/2001/XMLSchema-instance" version="3.2">
  <constants/>
  <classes>
    <class id="lnkFunctionalCIToTicket" _delta="define">
      <parent>cmdbAbstractObject</parent>
      <properties>
        <is_link>1</is_link>
        <category>bizmodel</category>
        <abstract>false</abstract>
        <key_type>autoincrement</key_type>
        <db_table>lnkfunctionalcitoticket</db_table>
        <db_key_field>id</db_key_field>
        <db_final_class_field/>
        <naming>
          <attributes>
            <attribute id="functionalci_name"/>
            <attribute id="ticket_ref"/>
          </attributes>
        </naming>
        <style>
          <icon/>
        </style>
        <reconciliation>
          <attributes>
            <attribute id="functionalci_id"/>
            <attribute id="ticket_id"/>
          </attributes>
        </reconciliation>
        <uniqueness_rules>
          <rule id="no_duplicate">
            <attributes>
              <attribute id="functionalci_id"/>
              <attribute id="ticket_id"/>
            </attributes>
            <filter><![CDATA[]]></filter>
            <disabled>false</disabled>
            <is_blocking>true</is_blocking>
          </rule>
        </uniqueness_rules>
      </properties>
      <fields>
        <field id="ticket_id" xsi:type="AttributeExternalKey">
          <sql>ticket_id</sql>
          <target_class>Ticket</target_class>
          <is_null_allowed>false</is_null_allowed>
          <on_target_delete>DEL_AUTO</on_target_delete>
        </field>
        <field id="ticket_ref" xsi:type="AttributeExternalField">
          <extkey_attcode>ticket_id</extkey_attcode>
          <target_attcode>ref</target_attcode>
        </field>
        <field id="ticket_title" xsi:type="AttributeExternalField">
          <extkey_attcode>ticket_id</extkey_attcode>
          <target_attcode>title</target_attcode>
        </field>
        <field id="functionalci_id" xsi:type="AttributeExternalKey">
          <sql>functionalci_id</sql>
          <target_class>FunctionalCI</target_class>
          <is_null_allowed>false</is_null_allowed>
          <on_target_delete>DEL_AUTO</on_target_delete>
        </field>
        <field id="functionalci_name" xsi:type="AttributeExternalField">
          <extkey_attcode>functionalci_id</extkey_attcode>
          <target_attcode>name</target_attcode>
        </field>
        <field id="impact" xsi:type="AttributeString">
          <sql>impact</sql>
          <default_value/>
          <is_null_allowed>true</is_null_allowed>
        </field>
        <field id="impact_code" xsi:type="AttributeEnum">
          <values>
            <value id="manual">
              <code>manual</code>
            </value>
            <value id="computed">
              <code>computed</code>
            </value>
            <value id="not_impacted">
              <code>not_impacted</code>
            </value>
          </values>
          <sql>impact_code</sql>
          <default_value>manual</default_value>
          <is_null_allowed>false</is_null_allowed>
          <display_style>list</display_style>
        </field>
      </fields>
      <methods/>
      <presentation>
        <details>
          <items>
            <item id="functionalci_id">
              <rank>10</rank>
            </item>
            <item id="ticket_id">
              <rank>20</rank>
            </item>
            <item id="impact_code">
              <rank>30</rank>
            </item>
          </items>
        </details>
        <search>
          <items>
            <item id="ticket_id">
              <rank>10</rank>
            </item>
            <item id="functionalci_id">
              <rank>20</rank>
            </item>
            <item id="impact_code">
              <rank>30</rank>
            </item>
          </items>
        </search>
        <list>
          <items>
            <item id="ticket_id">
              <rank>10</rank>
            </item>
            <item id="functionalci_id">
              <rank>20</rank>
            </item>
            <item id="impact_code">
              <rank>30</rank>
            </item>
          </items>
        </list>
      </presentation>
    </class>
    <class id="FunctionalCI" _delta="must_exist">
      <fields>
        <field id="tickets_list" xsi:type="AttributeLinkedSetIndirect" _delta="define">
          <linked_class>lnkFunctionalCIToTicket</linked_class>
          <ext_key_to_me>functionalci_id</ext_key_to_me>
          <count_min>0</count_min>
          <count_max>0</count_max>
          <ext_key_to_remote>ticket_id</ext_key_to_remote>
          <duplicates/>
        </field>
      </fields>
    </class>
  </classes>
  <menus>
  </menus>
  <user_rights>
    <groups>
    </groups>
    <profiles>
    </profiles>
  </user_rights>
</itop_design>
