<?xml version="1.0" encoding="UTF-8"?>
<dashboard xmlns:xsi="http://www.w3.org/2001/XMLSchema-instance">
  <layout>DashboardLayoutOneCol</layout>
  <title>Menu:ConfigManagementOverview</title>
  <cells xmlns:xsi="http://www.w3.org/2001/XMLSchema-instance">
    <cell id="0">
      <rank>0</rank>
      <dashlets>
        <dashlet id="1" xsi:type="DashletHeaderStatic">
          <rank>0</rank>
          <title>Menu:ConfigManagement:AllDevices</title>
          <icon>../images/icons/icons8-server.svg</icon>
          <subtitle>Menu_ConfigManagement_AllDevices</subtitle>
        </dashlet>
        <dashlet id="2" xsi:type="DashletBadge">
          <rank>3</rank>
          <class>Server</class>
        </dashlet>
        <dashlet id="3" xsi:type="DashletBadge">
          <rank>4</rank>
          <class>NetworkDevice</class>
        </dashlet>
        <dashlet id="21" xsi:type="DashletBadge" _altered_in="itop-datacenter-mgmt">
          <rank>1</rank>
          <class>Rack</class>
        </dashlet>
        <dashlet id="22" xsi:type="DashletBadge" _altered_in="itop-datacenter-mgmt">
          <rank>2</rank>
          <class>Enclosure</class>
        </dashlet>
        <dashlet id="23" xsi:type="DashletBadge" _altered_in="itop-datacenter-mgmt">
          <rank>9</rank>
          <class>PowerConnection</class>
        </dashlet>
        <dashlet id="33" xsi:type="DashletBadge" _altered_in="itop-storage-mgmt">
          <rank>5</rank>
          <class>StorageSystem</class>
        </dashlet>
        <dashlet id="34" xsi:type="DashletBadge" _altered_in="itop-storage-mgmt">
          <rank>6</rank>
          <class>SANSwitch</class>
        </dashlet>
        <dashlet id="35" xsi:type="DashletBadge" _altered_in="itop-storage-mgmt">
          <rank>7</rank>
          <class>NAS</class>
        </dashlet>
        <dashlet id="36" xsi:type="DashletBadge" _altered_in="itop-storage-mgmt">
          <rank>8</rank>
          <class>TapeLibrary</class>
        </dashlet>
      </dashlets>
    </cell>
    <cell id="3">
      <rank>3</rank>
      <dashlets>
        <dashlet id="4" xsi:type="DashletHeaderStatic">
          <rank>0</rank>
          <title>Menu:ConfigManagement:SWAndApps</title>
          <icon>../images/icons/icons8-software.svg</icon>
        </dashlet>
        <dashlet id="5" xsi:type="DashletBadge">
          <rank>1</rank>
          <class>Middleware</class>
        </dashlet>
        <dashlet id="6" xsi:type="DashletBadge">
          <rank>2</rank>
          <class>DBServer</class>
        </dashlet>
        <dashlet id="7" xsi:type="DashletBadge">
          <rank>3</rank>
          <class>WebServer</class>
        </dashlet>
        <dashlet id="8" xsi:type="DashletBadge">
          <rank>4</rank>
          <class>PCSoftware</class>
        </dashlet>
        <dashlet id="9" xsi:type="DashletBadge">
          <rank>5</rank>
          <class>OtherSoftware</class>
        </dashlet>
        <dashlet id="10" xsi:type="DashletBadge">
          <rank>6</rank>
          <class>MiddlewareInstance</class>
        </dashlet>
        <dashlet id="11" xsi:type="DashletBadge">
          <rank>7</rank>
          <class>DatabaseSchema</class>
        </dashlet>
        <dashlet id="12" xsi:type="DashletBadge">
          <rank>8</rank>
          <class>WebApplication</class>
        </dashlet>
        <dashlet id="13" xsi:type="DashletBadge">
          <rank>9</rank>
          <class>Patch</class>
        </dashlet>
        <dashlet id="14" xsi:type="DashletBadge">
          <rank>10</rank>
          <class>Licence</class>
        </dashlet>
      </dashlets>
    </cell>
    <cell id="4">
      <rank>4</rank>
      <dashlets>
        <dashlet id="15" xsi:type="DashletHeaderStatic">
          <rank>0</rank>
          <title>Menu:ConfigManagement:Misc</title>
          <icon>../images/icons/icons8-network.svg</icon>
        </dashlet>
        <dashlet id="16" xsi:type="DashletBadge">
          <rank>1</rank>
          <class>NetworkInterface</class>
        </dashlet>
        <dashlet id="17" xsi:type="DashletBadge">
          <rank>2</rank>
          <class>Subnet</class>
        </dashlet>
        <dashlet id="vlan" xsi:type="DashletBadge">
          <rank>2.1</rank>
          <class>VLAN</class>
        </dashlet>
        <dashlet id="18" xsi:type="DashletBadge">
          <rank>4</rank>
          <class>BusinessProcess</class>
        </dashlet>
        <dashlet id="19" xsi:type="DashletBadge">
          <rank>5</rank>
          <class>ApplicationSolution</class>
        </dashlet>
        <dashlet id="20" xsi:type="DashletBadge">
          <rank>6</rank>
          <class>Group</class>
        </dashlet>
        <dashlet id="37" xsi:type="DashletBadge" _altered_in="itop-storage-mgmt">
          <rank>3</rank>
          <class>LogicalVolume</class>
        </dashlet>
      </dashlets>
    </cell>
    <cell id="2" _altered_in="itop-endusers-devices">
      <rank>2</rank>
      <dashlets>
        <dashlet id="25" xsi:type="DashletHeaderStatic">
          <rank>0</rank>
          <title>Menu:ConfigManagement:EndUsers</title>
          <icon>../images/icons/icons8-team.svg</icon>
        </dashlet>
        <dashlet id="26" xsi:type="DashletBadge">
          <rank>1</rank>
          <class>PC</class>
        </dashlet>
        <dashlet id="27" xsi:type="DashletBadge">
          <rank>2</rank>
          <class>Phone</class>
        </dashlet>
        <dashlet id="28" xsi:type="DashletBadge">
          <rank>3</rank>
          <class>IPPhone</class>
        </dashlet>
        <dashlet id="29" xsi:type="DashletBadge">
          <rank>4</rank>
          <class>MobilePhone</class>
        </dashlet>
        <dashlet id="30" xsi:type="DashletBadge">
          <rank>5</rank>
          <class>Tablet</class>
        </dashlet>
        <dashlet id="31" xsi:type="DashletBadge">
          <rank>6</rank>
          <class>Printer</class>
        </dashlet>
        <dashlet id="32" xsi:type="DashletBadge">
          <rank>7</rank>
          <class>Peripheral</class>
        </dashlet>
      </dashlets>
    </cell>
    <cell id="1" _altered_in="itop-virtualization-mgmt">
      <rank>1</rank>
      <dashlets>
        <dashlet id="38" xsi:type="DashletHeaderStatic">
          <rank>0</rank>
          <title>Menu:ConfigManagement:virtualization</title>
          <icon>../images/icons/icons8-old-vmware-logo.svg</icon>
        </dashlet>
        <dashlet id="39" xsi:type="DashletBadge">
          <rank>1</rank>
          <class>Farm</class>
        </dashlet>
        <dashlet id="40" xsi:type="DashletBadge">
          <rank>2</rank>
          <class>Hypervisor</class>
        </dashlet>
        <dashlet id="41" xsi:type="DashletBadge">
          <rank>3</rank>
          <class>VirtualMachine</class>
        </dashlet>
      </dashlets>
    </cell>
  </cells>
</dashboard>
