<?xml version="1.0" encoding="UTF-8"?>
<Set>
<Server alias="Server" id="2">
<name>Server1</name>
<description></description>
<org_id>2</org_id>
<business_criticity>low</business_criticity>
<move2production></move2production>
<serialnumber></serialnumber>
<location_id>1</location_id>
<status>production</status>
<brand_id>1</brand_id>
<model_id>4</model_id>
<asset_number></asset_number>
<purchase_date></purchase_date>
<end_of_warranty></end_of_warranty>
<rack_id>0</rack_id>
<enclosure_id>0</enclosure_id>
<nb_u></nb_u>
<managementip></managementip>
<powerA_id>0</powerA_id>
<powerB_id>0</powerB_id>
<osfamily_id>7</osfamily_id>
<osversion_id>8</osversion_id>
<oslicence_id>0</oslicence_id>
<cpu></cpu>
<ram></ram>
</Server>
<Server alias="Server" id="3">
<name>Server2</name>
<description></description>
<org_id>2</org_id>
<business_criticity>low</business_criticity>
<move2production></move2production>
<serialnumber></serialnumber>
<location_id>2</location_id>
<status>production</status>
<brand_id>0</brand_id>
<model_id>0</model_id>
<asset_number></asset_number>
<purchase_date></purchase_date>
<end_of_warranty></end_of_warranty>
<rack_id>0</rack_id>
<enclosure_id>0</enclosure_id>
<nb_u></nb_u>
<managementip></managementip>
<powerA_id>0</powerA_id>
<powerB_id>0</powerB_id>
<osfamily_id>0</osfamily_id>
<osversion_id>0</osversion_id>
<oslicence_id>0</oslicence_id>
<cpu></cpu>
<ram></ram>
</Server>
<Server alias="Server" id="4">
<name>Server3</name>
<description></description>
<org_id>2</org_id>
<business_criticity>low</business_criticity>
<move2production></move2production>
<serialnumber></serialnumber>
<location_id>0</location_id>
<status>production</status>
<brand_id>1</brand_id>
<model_id>4</model_id>
<asset_number></asset_number>
<purchase_date></purchase_date>
<end_of_warranty></end_of_warranty>
<rack_id>0</rack_id>
<enclosure_id>0</enclosure_id>
<nb_u></nb_u>
<managementip></managementip>
<powerA_id>0</powerA_id>
<powerB_id>0</powerB_id>
<osfamily_id>7</osfamily_id>
<osversion_id>8</osversion_id>
<oslicence_id>0</oslicence_id>
<cpu></cpu>
<ram></ram>
</Server>
<Server alias="Server" id="15">
<name>Server4</name>
<description></description>
<org_id>2</org_id>
<business_criticity>low</business_criticity>
<move2production></move2production>
<serialnumber>US3215687014</serialnumber>
<location_id>0</location_id>
<status>production</status>
<brand_id>1</brand_id>
<model_id>4</model_id>
<asset_number></asset_number>
<purchase_date>2021-07-30</purchase_date>
<end_of_warranty>2025-07-29</end_of_warranty>
<rack_id>0</rack_id>
<enclosure_id>0</enclosure_id>
<nb_u></nb_u>
<managementip>10.10.24.2</managementip>
<powerA_id>0</powerA_id>
<powerB_id>0</powerB_id>
<osfamily_id>7</osfamily_id>
<osversion_id>8</osversion_id>
<oslicence_id>0</oslicence_id>
<cpu></cpu>
<ram></ram>
</Server>
</Set>
